model,source_lang,target_lang,MRR,avg_rank
Qwen/Qwen3-Embedding-0.6B,eng_Latn,afr_Latn,0.6388982351280295,49.43264897346019
Qwen/Qwen3-Embedding-0.6B,eng_Latn,amh_Ethi,0.2153155591841564,312.5623435152729
Qwen/Qwen3-Embedding-0.6B,eng_Latn,arb_Arab,0.6460643106472046,44.491737606409615
Qwen/Qwen3-Embedding-0.6B,eng_Latn,aze_Latn,0.4849728490223372,155.83124687030545
Qwen/Qwen3-Embedding-0.6B,eng_Latn,bak_Cyrl,0.3888721584437334,225.1547320981472
Qwen/Qwen3-Embedding-0.6B,eng_Latn,bel_Cyrl,0.4647122538518111,136.8087130696044
Qwen/Qwen3-Embedding-0.6B,eng_Latn,bem_Latn,0.3753575930495756,263.48072108162245
Qwen/Qwen3-Embedding-0.6B,eng_Latn,ben_Beng,0.5671524554889648,103.45418127190786
Qwen/Qwen3-Embedding-0.6B,eng_Latn,bod_Tibt,0.2427663017823192,353.2178267401102
Qwen/Qwen3-Embedding-0.6B,eng_Latn,bos_Latn,0.6173599285129063,70.06710065097647
Qwen/Qwen3-Embedding-0.6B,eng_Latn,bul_Cyrl,0.591762622973521,90.9599399098648
Qwen/Qwen3-Embedding-0.6B,eng_Latn,cat_Latn,0.6960920844159676,49.243865798698046
Qwen/Qwen3-Embedding-0.6B,eng_Latn,ces_Latn,0.6562133016208911,54.640961442163245
Qwen/Qwen3-Embedding-0.6B,eng_Latn,ckb_Arab,0.2735346066501137,251.54381572358537
Qwen/Qwen3-Embedding-0.6B,eng_Latn,cym_Latn,0.3548279053183836,225.7736604907361
Qwen/Qwen3-Embedding-0.6B,eng_Latn,dan_Latn,0.637500084295909,97.04957436154233
Qwen/Qwen3-Embedding-0.6B,eng_Latn,deu_Latn,0.7365476732453107,21.1306960440661
Qwen/Qwen3-Embedding-0.6B,eng_Latn,div_Thaa,0.0236909204698463,805.9459188783175
Qwen/Qwen3-Embedding-0.6B,eng_Latn,dzo_Tibt,0.0416158263619419,644.4546820230346
Qwen/Qwen3-Embedding-0.6B,eng_Latn,ell_Grek,0.5312848422739972,161.06960440660993
Qwen/Qwen3-Embedding-0.6B,eng_Latn,eng-GB_Latn,0.928229381244484,4.040060090135203
Qwen/Qwen3-Embedding-0.6B,eng_Latn,eng-IN_Latn,0.9024731996876564,3.559839759639459
Qwen/Qwen3-Embedding-0.6B,eng_Latn,eng-US_Latn,0.9273935545256554,4.178267401101652
Qwen/Qwen3-Embedding-0.6B,eng_Latn,est_Latn,0.4564520274041782,171.7180771156735
Qwen/Qwen3-Embedding-0.6B,eng_Latn,eus_Latn,0.382873805845414,184.2313470205308
Qwen/Qwen3-Embedding-0.6B,eng_Latn,ewe_Latn,0.3396499446519557,290.678517776665
Qwen/Qwen3-Embedding-0.6B,eng_Latn,fao_Latn,0.4132343988778705,192.31597396094145
Qwen/Qwen3-Embedding-0.6B,eng_Latn,fas_Arab,0.5767611291143664,73.99098647971958
Qwen/Qwen3-Embedding-0.6B,eng_Latn,fij_Latn,0.2991073857817381,277.9178768152228
Qwen/Qwen3-Embedding-0.6B,eng_Latn,fil_Latn,0.5872921916627499,78.28793189784678
Qwen/Qwen3-Embedding-0.6B,eng_Latn,fin_Latn,0.5080828792697039,150.0400600901352
Qwen/Qwen3-Embedding-0.6B,eng_Latn,fra-CA_Latn,0.6872448941325718,53.67250876314472
Qwen/Qwen3-Embedding-0.6B,eng_Latn,fra_Latn,0.7079409836878672,48.41311967951928
Qwen/Qwen3-Embedding-0.6B,eng_Latn,fuc_Latn,0.3584971744869625,248.198798197296
Qwen/Qwen3-Embedding-0.6B,eng_Latn,gle_Latn,0.3095114243068498,279.7631447170756
Qwen/Qwen3-Embedding-0.6B,eng_Latn,glg_Latn,0.709541040951851,36.01251877816725
Qwen/Qwen3-Embedding-0.6B,eng_Latn,guj_Gujr,0.5107296823865743,101.7130696044066
Qwen/Qwen3-Embedding-0.6B,eng_Latn,hau_Latn,0.3658861833542813,224.31497245868803
Qwen/Qwen3-Embedding-0.6B,eng_Latn,heb_Hebr,0.5754228617897893,75.18878317476214
Qwen/Qwen3-Embedding-0.6B,eng_Latn,hin_Deva,0.6801477799317246,33.759138708062096
Qwen/Qwen3-Embedding-0.6B,eng_Latn,hmn_Latn,0.3102962319005332,338.48522784176265
Qwen/Qwen3-Embedding-0.6B,eng_Latn,hrv_Latn,0.6176262093518501,69.36554832248373
Qwen/Qwen3-Embedding-0.6B,eng_Latn,hun_Latn,0.5783467743717611,86.65948923385078
Qwen/Qwen3-Embedding-0.6B,eng_Latn,hye_Armn,0.5114229060819323,91.28442663995996
Qwen/Qwen3-Embedding-0.6B,eng_Latn,ibo_Latn,0.3542052355287639,263.2759138708062
Qwen/Qwen3-Embedding-0.6B,eng_Latn,ind_Latn,0.6731828318217975,63.91036554832248
Qwen/Qwen3-Embedding-0.6B,eng_Latn,isl_Latn,0.3845310431602303,226.3975963945919
Qwen/Qwen3-Embedding-0.6B,eng_Latn,ita_Latn,0.741904468150515,40.50125187781673
Qwen/Qwen3-Embedding-0.6B,eng_Latn,jpn_Jpan,0.6281161166987114,68.25538307461191
Qwen/Qwen3-Embedding-0.6B,eng_Latn,kan_Knda,0.5220217978190976,92.06509764646972
Qwen/Qwen3-Embedding-0.6B,eng_Latn,kat_Geor,0.4910325727339719,99.25388082123185
Qwen/Qwen3-Embedding-0.6B,eng_Latn,kaz_Cyrl,0.4573524449262892,149.63945918878318
Qwen/Qwen3-Embedding-0.6B,eng_Latn,khm_Khmr,0.3729773412431214,326.5368052078117
Qwen/Qwen3-Embedding-0.6B,eng_Latn,kin_Latn,0.3028054596642433,317.28392588883327
Qwen/Qwen3-Embedding-0.6B,eng_Latn,kir_Cyrl,0.3765100976159542,187.3745618427641
Qwen/Qwen3-Embedding-0.6B,eng_Latn,kmr_Latn,0.3288125148837831,238.92839258888333
Qwen/Qwen3-Embedding-0.6B,eng_Latn,kor_Hang,0.6129249716165784,66.12969454181273
Qwen/Qwen3-Embedding-0.6B,eng_Latn,lao_Laoo,0.3431442834236893,248.9884827240861
Qwen/Qwen3-Embedding-0.6B,eng_Latn,lav_Latn,0.4987544456720935,146.7776664997496
Qwen/Qwen3-Embedding-0.6B,eng_Latn,lit_Latn,0.4509513326420011,195.0165247871808
Qwen/Qwen3-Embedding-0.6B,eng_Latn,ltz_Latn,0.540993404118338,86.96144216324487
Qwen/Qwen3-Embedding-0.6B,eng_Latn,mal_Mlym,0.479340281523379,119.11417125688531
Qwen/Qwen3-Embedding-0.6B,eng_Latn,mar_Deva,0.5869311838457323,60.25888833249875
Qwen/Qwen3-Embedding-0.6B,eng_Latn,mey_Arab,0.4970820413610334,93.28793189784678
Qwen/Qwen3-Embedding-0.6B,eng_Latn,mkd_Cyrl,0.5656487207615252,82.8893340010015
Qwen/Qwen3-Embedding-0.6B,eng_Latn,mlg_Latn,0.3247207696183373,267.91236855282926
Qwen/Qwen3-Embedding-0.6B,eng_Latn,mlt_Latn,0.5163792886140758,131.89183775663494
Qwen/Qwen3-Embedding-0.6B,eng_Latn,mon_Mong,0.2908555166274464,254.83324987481225
Qwen/Qwen3-Embedding-0.6B,eng_Latn,mri_Latn,0.3449221480115093,217.9318978467701
Qwen/Qwen3-Embedding-0.6B,eng_Latn,msa_Latn,0.6340539084815372,84.93390085127692
Qwen/Qwen3-Embedding-0.6B,eng_Latn,mya_Mymr,0.2974406535080654,228.613920881322
Qwen/Qwen3-Embedding-0.6B,eng_Latn,nde_Latn,0.3056128081279393,321.9539308963445
Qwen/Qwen3-Embedding-0.6B,eng_Latn,nep_Deva,0.5797067982215511,75.76114171256886
Qwen/Qwen3-Embedding-0.6B,eng_Latn,nld_Latn,0.6954879783269249,36.76564847270907
Qwen/Qwen3-Embedding-0.6B,eng_Latn,nno_Latn,0.6238317882637463,81.36304456685028
Qwen/Qwen3-Embedding-0.6B,eng_Latn,nob_Latn,0.662881035743094,66.3470205307962
Qwen/Qwen3-Embedding-0.6B,eng_Latn,nso_Latn,0.3563940161829145,228.2879318978468
Qwen/Qwen3-Embedding-0.6B,eng_Latn,nya_Latn,0.3418986972796752,284.44366549824736
Qwen/Qwen3-Embedding-0.6B,eng_Latn,orm_Ethi,0.2104465721280427,410.0120180270405
Qwen/Qwen3-Embedding-0.6B,eng_Latn,pan_Guru,0.5131446831801084,90.55583375062594
Qwen/Qwen3-Embedding-0.6B,eng_Latn,pol_Latn,0.6249560275595458,74.06810215322984
Qwen/Qwen3-Embedding-0.6B,eng_Latn,por-BR_Latn,0.7221823025430147,28.96094141211817
Qwen/Qwen3-Embedding-0.6B,eng_Latn,por_Latn,0.7208965740084582,36.54331497245869
Qwen/Qwen3-Embedding-0.6B,eng_Latn,prs_Arab,0.5847923842460927,66.34301452178268
Qwen/Qwen3-Embedding-0.6B,eng_Latn,pus_Arab,0.3496921173014086,174.48472709063594
Qwen/Qwen3-Embedding-0.6B,eng_Latn,ron_Latn,0.630465265370723,102.87180771156736
Qwen/Qwen3-Embedding-0.6B,eng_Latn,rus_Cyrl,0.6303032283019474,62.55883825738608
Qwen/Qwen3-Embedding-0.6B,eng_Latn,shi_Arab,0.2665690715944888,299.17826740110166
Qwen/Qwen3-Embedding-0.6B,eng_Latn,sin_Sinh,0.1657973859550844,348.8878317476214
Qwen/Qwen3-Embedding-0.6B,eng_Latn,slk_Latn,0.6052226371735691,68.03755633450176
Qwen/Qwen3-Embedding-0.6B,eng_Latn,slv_Latn,0.5492001354614938,116.45117676514772
Qwen/Qwen3-Embedding-0.6B,eng_Latn,smo_Latn,0.3974750770163234,195.74661992989485
Qwen/Qwen3-Embedding-0.6B,eng_Latn,sna_Latn,0.3197893828523049,320.83174762143216
Qwen/Qwen3-Embedding-0.6B,eng_Latn,snd_Arab,0.3835604356327479,169.44016024036054
Qwen/Qwen3-Embedding-0.6B,eng_Latn,som_Latn,0.3404310552497752,259.0826239359039
Qwen/Qwen3-Embedding-0.6B,eng_Latn,spa-MX_Latn,0.7458223631543535,28.19929894842264
Qwen/Qwen3-Embedding-0.6B,eng_Latn,spa_Latn,0.737048118724962,27.56634952428643
Qwen/Qwen3-Embedding-0.6B,eng_Latn,sqi_Latn,0.4993541349632759,160.699549323986
Qwen/Qwen3-Embedding-0.6B,eng_Latn,srp_Cyrl,0.515656921133706,105.94341512268404
Qwen/Qwen3-Embedding-0.6B,eng_Latn,srp_Latn,0.5866624572645553,86.02954431647471
Qwen/Qwen3-Embedding-0.6B,eng_Latn,ssw_Latn,0.3074023669212892,335.4887330996495
Qwen/Qwen3-Embedding-0.6B,eng_Latn,swa_Latn,0.3851529532504806,201.056584877316
Qwen/Qwen3-Embedding-0.6B,eng_Latn,swe_Latn,0.6770636368401249,64.3515272909364
Qwen/Qwen3-Embedding-0.6B,eng_Latn,tah_Latn,0.3376823845841095,255.53980971457185
Qwen/Qwen3-Embedding-0.6B,eng_Latn,tam_Taml,0.4805627799653528,118.95843765648472
Qwen/Qwen3-Embedding-0.6B,eng_Latn,tat_Cyrl,0.4011578418942186,188.7015523284928
Qwen/Qwen3-Embedding-0.6B,eng_Latn,tel_Telu,0.5049141658088818,109.46069103655483
Qwen/Qwen3-Embedding-0.6B,eng_Latn,tgk_Cyrl,0.2774697579011129,301.3525287931898
Qwen/Qwen3-Embedding-0.6B,eng_Latn,tha_Thai,0.5948327122227299,127.35703555333
Qwen/Qwen3-Embedding-0.6B,eng_Latn,tir_Ethi,0.1092990103705258,482.7941912869304
Qwen/Qwen3-Embedding-0.6B,eng_Latn,ton_Latn,0.3168923973020013,248.2223335002504
Qwen/Qwen3-Embedding-0.6B,eng_Latn,tsn_Latn,0.3642154053319685,234.9924887330997
Qwen/Qwen3-Embedding-0.6B,eng_Latn,tuk_Latn,0.3740265142429779,208.5478217325989
Qwen/Qwen3-Embedding-0.6B,eng_Latn,tur_Latn,0.6181640805360896,74.43965948923385
Qwen/Qwen3-Embedding-0.6B,eng_Latn,uig_Arab,0.1677186916949542,391.3189784677015
Qwen/Qwen3-Embedding-0.6B,eng_Latn,ukr_Cyrl,0.5849190657666005,87.80821231847771
Qwen/Qwen3-Embedding-0.6B,eng_Latn,urd_Arab,0.5834845550310854,53.26690035052579
Qwen/Qwen3-Embedding-0.6B,eng_Latn,uzb_Latn,0.418477142728287,154.75312969454183
Qwen/Qwen3-Embedding-0.6B,eng_Latn,ven_Latn,0.331985531828491,298.507260891337
Qwen/Qwen3-Embedding-0.6B,eng_Latn,vie_Latn,0.7142226763112631,23.15973960941412
Qwen/Qwen3-Embedding-0.6B,eng_Latn,wol_Latn,0.318462855733603,285.0220330495744
Qwen/Qwen3-Embedding-0.6B,eng_Latn,xho_Latn,0.310761737640046,310.6905358037056
Qwen/Qwen3-Embedding-0.6B,eng_Latn,yor_Latn,0.2997881115278131,281.8622934401602
Qwen/Qwen3-Embedding-0.6B,eng_Latn,yue_Hant,0.7131350536120318,24.90385578367552
Qwen/Qwen3-Embedding-0.6B,eng_Latn,zho_Hans,0.7470532256046527,20.44016024036054
Qwen/Qwen3-Embedding-0.6B,eng_Latn,zho_Hant,0.7158439047829211,18.66449674511768
Qwen/Qwen3-Embedding-0.6B,eng_Latn,zul_Latn,0.3194927692056995,299.43915873810715
